epochs,mlp_best_val_auc,cnn_best_val_auc,mlp_test_auc,cnn_test_auc,total_train_time_s,emissions_kg
5,0.7548989442114746,0.8340244264229537,0.7587364624045635,0.8275658662896821,482.92862915992737,0.000256831211770184
10,0.794751226680275,0.8521794432696427,0.7946842761749332,0.8286579788199461,977.8760488033295,0.0005200542506966315
